{
    "test-uni": {
        "name": "test-uni",
        "file_size": "1MB",
        "tor_params": {
            "dummy": 0,
            "max_jitter": 10,
            "min_jitter": 1,
            "target_jitter": 2,
            "dp_distribution": "UNIFORM",
            "dp_epsilon": 0.5,
            "scheduler": "DPVanilla"
        },
        "client_params": {
            "bulk_clients": 1,
            "web_clients": 0,
            "top_web_clients": 0
        },
        "latency": {
            "mean": 0.32578325714285716,
            "min": 0.134829,
            "max": 4.198025,
            "stddev": 0.6726835106084689,
            "median": 0.163087
        },
        "throughput": {
            "mean": 1186222.0285714285,
            "min": 75383.0,
            "max": 1653250.0,
            "stddev": 336556.55362309667,
            "median": 1290760.0
        },
        "jitter": {
            "mean": 0.003448533071618845,
            "min": 7.152557373046875e-06,
            "max": 17.987715005874634,
            "stddev": 0.11119167773588139,
            "variance": 0.0123635891977201
        },
        "total_time": {
            "mean": 1.3000023714285713,
            "min": 0.634251,
            "max": 13.909935,
            "stddev": 2.184696260757128,
            "median": 0.812371
        }
    },
    "test-exp": {
        "name": "test-exp",
        "file_size": "1MB",
        "tor_params": {
            "dummy": 0,
            "max_jitter": 10,
            "min_jitter": 1,
            "target_jitter": 2,
            "dp_distribution": "EXPONENTIAL",
            "dp_epsilon": 0.5,
            "scheduler": "DPVanilla"
        },
        "client_params": {
            "bulk_clients": 1,
            "web_clients": 0,
            "top_web_clients": 0
        },
        "latency": {
            "mean": 0.32524953125,
            "min": 0.122593,
            "max": 2.844053,
            "stddev": 0.5027228660620323,
            "median": 0.17235699999999998
        },
        "throughput": {
            "mean": 939575.28125,
            "min": 174387.0,
            "max": 1673458.0,
            "stddev": 364378.85913172795,
            "median": 973157.0
        },
        "jitter": {
            "mean": 0.0037391140533031744,
            "min": 6.4373016357421875e-06,
            "max": 12.97193431854248,
            "stddev": 0.09597550650996116,
            "variance": 0.009211297849843597
        },
        "total_time": {
            "mean": 1.49358496875,
            "min": 0.626592,
            "max": 6.012893,
            "stddev": 1.1911607457824618,
            "median": 1.0776599999999998
        }
    }
}