{
    "kist-control": {
        "name": "kist-control",
        "file_size": "1MB",
        "tor_params": {
            "dummy": 0,
            "jitter": 0,
            "max_jitter": 10,
            "min_jitter": 1,
            "scheduler": "KIST"
        },
        "client_params": {
            "bulk_clients": 100,
            "web_clients": 0,
            "top_web_clients": 0
        },
        "latency": {
            "mean": 1.140865,
            "min": 0.071689,
            "max": 4.557636,
            "stddev": 0.7166999841876719,
            "median": 1.0562905
        },
        "throughput": {
            "mean": 227812.9655172414,
            "min": 5055.0,
            "max": 1578709.0,
            "stddev": 439619.1097135083,
            "median": 6456.5
        },
        "jitter": {
            "mean": 0.004308395469620847,
            "min": 1.049041748046875e-05,
            "max": 86.23160743713379,
            "stddev": 0.24909016745153106,
            "variance": 0.06204591152103178
        },
        "total_time": {
            "mean": 118.29521667241379,
            "min": 0.664198,
            "max": 207.430576,
            "stddev": 84.52542920753451,
            "median": 162.396526
        }
    },
    "dpkist-clean": {
        "name": "dpkist-clean",
        "file_size": "1MB",
        "tor_params": {
            "dummy": 0,
            "jitter": 0,
            "max_jitter": 10,
            "min_jitter": 1,
            "scheduler": "DPKist"
        },
        "client_params": {
            "bulk_clients": 100,
            "web_clients": 0,
            "top_web_clients": 0
        },
        "latency": {
            "mean": 1.5109887558139539,
            "min": 0.072209,
            "max": 4.983868,
            "stddev": 0.8937075154090031,
            "median": 1.7178735
        },
        "throughput": {
            "mean": 190386.38953488372,
            "min": 5533.0,
            "max": 1566167.0,
            "stddev": 424150.7204303795,
            "median": 7323.5
        },
        "jitter": {
            "mean": 0.00409290477067789,
            "min": 1.0251998901367188e-05,
            "max": 98.19716787338257,
            "stddev": 0.27961598488138995,
            "variance": 0.07818509900118968
        },
        "total_time": {
            "mean": 116.39879460465116,
            "min": 0.669517,
            "max": 189.50583,
            "stddev": 70.20583959163066,
            "median": 143.1816225
        }
    },
    "vanilla-control": {
        "name": "vanilla-control",
        "file_size": "1MB",
        "tor_params": {
            "dummy": 0,
            "jitter": 0,
            "max_jitter": 10,
            "min_jitter": 1,
            "scheduler": "Vanilla"
        },
        "client_params": {
            "bulk_clients": 100,
            "web_clients": 0,
            "top_web_clients": 0
        },
        "latency": {
            "mean": 1.637209580952381,
            "min": 0.067898,
            "max": 8.663268,
            "stddev": 1.4764341569934625,
            "median": 1.365446
        },
        "throughput": {
            "mean": 169482.26666666666,
            "min": 5450.0,
            "max": 1921672.0,
            "stddev": 434375.4594964233,
            "median": 7647.0
        },
        "jitter": {
            "mean": 0.0025779536751550387,
            "min": 1.049041748046875e-05,
            "max": 4.005002975463867,
            "stddev": 0.018246023724516024,
            "variance": 0.00033291738175560153
        },
        "total_time": {
            "mean": 121.11428092857143,
            "min": 0.545658,
            "max": 192.382136,
            "stddev": 48.781548657817446,
            "median": 137.10903000000002
        }
    },
    "dpkist-low": {
        "name": "dpkist-low",
        "file_size": "1MB",
        "tor_params": {
            "dummy": 0,
            "jitter": 25,
            "max_jitter": 10,
            "min_jitter": 1,
            "scheduler": "DPKist"
        },
        "client_params": {
            "bulk_clients": 100,
            "web_clients": 0,
            "top_web_clients": 0
        },
        "latency": {
            "mean": 1.2079119821428572,
            "min": 0.07322,
            "max": 7.189637,
            "stddev": 0.8953109524923349,
            "median": 1.1560875
        },
        "throughput": {
            "mean": 223831.91666666666,
            "min": 5599.0,
            "max": 1480441.0,
            "stddev": 451483.5209204552,
            "median": 8088.0
        },
        "jitter": {
            "mean": 0.003451366818153322,
            "min": 1.0251998901367188e-05,
            "max": 24.36498212814331,
            "stddev": 0.07429399767221953,
            "variance": 0.005519598090119761
        },
        "total_time": {
            "mean": 97.94946947619047,
            "min": 0.708286,
            "max": 187.252628,
            "stddev": 65.65785440754264,
            "median": 129.6375995
        }
    },
    "dpvanilla-clean": {
        "name": "dpvanilla-clean",
        "file_size": "1MB",
        "tor_params": {
            "dummy": 0,
            "jitter": 0,
            "max_jitter": 10,
            "min_jitter": 1,
            "scheduler": "DPVanilla"
        },
        "client_params": {
            "bulk_clients": 100,
            "web_clients": 0,
            "top_web_clients": 0
        },
        "latency": {
            "mean": 1.5698656748466258,
            "min": 0.06636,
            "max": 8.810096,
            "stddev": 1.4746575363581582,
            "median": 1.277248
        },
        "throughput": {
            "mean": 178010.77914110429,
            "min": 5082.0,
            "max": 1779231.0,
            "stddev": 411343.0403267917,
            "median": 8118.0
        },
        "jitter": {
            "mean": 0.0034651947769318396,
            "min": 1.049041748046875e-05,
            "max": 14.753355741500854,
            "stddev": 0.06209255831412862,
            "variance": 0.0038554857979934626
        },
        "total_time": {
            "mean": 101.38288702453987,
            "min": 0.589342,
            "max": 206.31764,
            "stddev": 63.238399491273185,
            "median": 129.160691
        }
    },
    "dpvanilla-low": {
        "name": "dpvanilla-low",
        "file_size": "1MB",
        "tor_params": {
            "dummy": 0,
            "jitter": 25,
            "max_jitter": 10,
            "min_jitter": 1,
            "scheduler": "DPVanilla"
        },
        "client_params": {
            "bulk_clients": 100,
            "web_clients": 0,
            "top_web_clients": 0
        },
        "latency": {
            "mean": 1.1075541734104044,
            "min": 0.079655,
            "max": 3.917656,
            "stddev": 0.696421975221732,
            "median": 1.058075
        },
        "throughput": {
            "mean": 229688.42196531792,
            "min": 5371.0,
            "max": 1994290.0,
            "stddev": 456194.9909207089,
            "median": 6530.0
        },
        "jitter": {
            "mean": 0.0042081494338864125,
            "min": 1.049041748046875e-05,
            "max": 106.77534985542297,
            "stddev": 0.30834590613870255,
            "variance": 0.09507719783249757
        },
        "total_time": {
            "mean": 116.68771945086706,
            "min": 0.525789,
            "max": 195.197564,
            "stddev": 78.5349257831425,
            "median": 160.558457
        }
    }
}