{
    "latency": {
        "DPKist-LAPLACE-0-1dum-2Clients-1048576": 2.0078615680751173,
        "DPKist-LAPLACE-0-0.25dum-2Clients-1048576": 1.419281779964222,
        "DPKist-LAPLACE-0-2dum-5Clients-1048576": 4.9189532751842755,
        "DPKist-LAPLACE-0-1dum-10Clients-1048576": 3.3811840280308343,
        "DPKist-LAPLACE-0-1dum-5Clients-1048576": 5.674110942857143,
        "DPKist-LAPLACE-0-0dum-2Clients-1048576": 1.4012064131205673,
        "DPKist-LAPLACE-0-0.75dum-1Clients-1048576": 1.2211343483870967,
        "DPKist-LAPLACE-0-0.25dum-5Clients-1048576": 4.814175126849895,
        "DPKist-LAPLACE-0-0.75dum-10Clients-1048576": 2.9886724138166896,
        "DPKist-LAPLACE-0-0.75dum-2Clients-1048576": 1.9117706556291392,
        "DPKist-LAPLACE-0-0dum-10Clients-1048576": 4.981575707596255,
        "DPKist-LAPLACE-0-0dum-1Clients-1048576": 1.187030501577287,
        "DPKist-LAPLACE-0-0.75dum-5Clients-1048576": 4.6952024375,
        "DPKist-LAPLACE-0-0dum-20Clients-1048576": 2.2865872233580373,
        "DPKist-LAPLACE-0-2dum-1Clients-1048576": 1.2989623691275167,
        "DPKist-LAPLACE-0-0.25dum-20Clients-1048576": 2.4461297045640893,
        "DPKist-LAPLACE-0-0.5dum-10Clients-1048576": 3.469888645415473,
        "DPKist-LAPLACE-0-0.25dum-10Clients-1048576": 4.105530658666667,
        "DPKist-LAPLACE-0-1dum-1Clients-1048576": 1.181860582278481,
        "DPKist-LAPLACE-0-0.5dum-5Clients-1048576": 5.377422710300429,
        "DPKist-LAPLACE-0-0.5dum-2Clients-1048576": 1.4956108981481482,
        "DPKist-LAPLACE-0-0.5dum-20Clients-1048576": 2.55354890337206,
        "DPKist-LAPLACE-0-2dum-10Clients-1048576": 2.3255203877445934,
        "DPKist-LAPLACE-0-0.5dum-1Clients-1048576": 1.1553276978193145,
        "DPKist-LAPLACE-0-0.25dum-1Clients-1048576": 1.1822999396825398,
        "DPKist-LAPLACE-0-0.75dum-20Clients-1048576": 2.3586196598075895,
        "DPKist-LAPLACE-0-0dum-5Clients-1048576": 4.577047992895205,
        "DPKist-LAPLACE-0-2dum-2Clients-1048576": 2.3087876045918367
    },
    "throughput": {
        "DPKist-LAPLACE-0-1dum-2Clients-1048576": 55672.86384976526,
        "DPKist-LAPLACE-0-0.25dum-2Clients-1048576": 70006.00178890876,
        "DPKist-LAPLACE-0-2dum-5Clients-1048576": 30460.71253071253,
        "DPKist-LAPLACE-0-1dum-10Clients-1048576": 36740.50455501051,
        "DPKist-LAPLACE-0-1dum-5Clients-1048576": 29958.602597402598,
        "DPKist-LAPLACE-0-0dum-2Clients-1048576": 70729.78723404255,
        "DPKist-LAPLACE-0-0.75dum-1Clients-1048576": 77733.64838709678,
        "DPKist-LAPLACE-0-0.25dum-5Clients-1048576": 34735.87526427061,
        "DPKist-LAPLACE-0-0.75dum-10Clients-1048576": 39739.34610123119,
        "DPKist-LAPLACE-0-0.75dum-2Clients-1048576": 58568.24282560706,
        "DPKist-LAPLACE-0-0dum-10Clients-1048576": 30974.0395421436,
        "DPKist-LAPLACE-0-0dum-1Clients-1048576": 79680.76656151419,
        "DPKist-LAPLACE-0-0.75dum-5Clients-1048576": 33915.1754032258,
        "DPKist-LAPLACE-0-0dum-20Clients-1048576": 48595.0260669563,
        "DPKist-LAPLACE-0-2dum-1Clients-1048576": 75345.75838926174,
        "DPKist-LAPLACE-0-0.25dum-20Clients-1048576": 43049.02131729981,
        "DPKist-LAPLACE-0-0.5dum-10Clients-1048576": 40064.393982808026,
        "DPKist-LAPLACE-0-0.25dum-10Clients-1048576": 37477.83022222222,
        "DPKist-LAPLACE-0-1dum-1Clients-1048576": 79345.83860759494,
        "DPKist-LAPLACE-0-0.5dum-5Clients-1048576": 31651.255364806868,
        "DPKist-LAPLACE-0-0.5dum-2Clients-1048576": 69440.37037037036,
        "DPKist-LAPLACE-0-0.5dum-20Clients-1048576": 42171.37942759989,
        "DPKist-LAPLACE-0-2dum-10Clients-1048576": 48810.6333676622,
        "DPKist-LAPLACE-0-0.5dum-1Clients-1048576": 80376.02180685358,
        "DPKist-LAPLACE-0-0.25dum-1Clients-1048576": 79033.20634920635,
        "DPKist-LAPLACE-0-0.75dum-20Clients-1048576": 44110.84607161945,
        "DPKist-LAPLACE-0-0dum-5Clients-1048576": 32701.28952042629,
        "DPKist-LAPLACE-0-2dum-2Clients-1048576": 49427.489795918365
    },
    "total_time": {
        "DPKist-LAPLACE-0-1dum-2Clients-1048576": 2.2168199061032863,
        "DPKist-LAPLACE-0-0.25dum-2Clients-1048576": 1.629828983899821,
        "DPKist-LAPLACE-0-2dum-5Clients-1048576": 5.133791034398035,
        "DPKist-LAPLACE-0-1dum-10Clients-1048576": 3.5962848724597056,
        "DPKist-LAPLACE-0-1dum-5Clients-1048576": 5.893832127272728,
        "DPKist-LAPLACE-0-0dum-2Clients-1048576": 1.6101687624113474,
        "DPKist-LAPLACE-0-0.75dum-1Clients-1048576": 1.4307292903225808,
        "DPKist-LAPLACE-0-0.25dum-5Clients-1048576": 5.025907591966173,
        "DPKist-LAPLACE-0-0.75dum-10Clients-1048576": 3.201728106019152,
        "DPKist-LAPLACE-0-0.75dum-2Clients-1048576": 2.1233253951434876,
        "DPKist-LAPLACE-0-0dum-10Clients-1048576": 5.1970835182101975,
        "DPKist-LAPLACE-0-0dum-1Clients-1048576": 1.3947686056782334,
        "DPKist-LAPLACE-0-0.75dum-5Clients-1048576": 4.904834415322581,
        "DPKist-LAPLACE-0-0dum-20Clients-1048576": 2.519260510605673,
        "DPKist-LAPLACE-0-2dum-1Clients-1048576": 1.5076978523489935,
        "DPKist-LAPLACE-0-0.25dum-20Clients-1048576": 2.7472693670401744,
        "DPKist-LAPLACE-0-0.5dum-10Clients-1048576": 3.689280210601719,
        "DPKist-LAPLACE-0-0.25dum-10Clients-1048576": 4.321785578666667,
        "DPKist-LAPLACE-0-1dum-1Clients-1048576": 1.3946890822784812,
        "DPKist-LAPLACE-0-0.5dum-5Clients-1048576": 5.588674656652361,
        "DPKist-LAPLACE-0-0.5dum-2Clients-1048576": 1.7062071870370372,
        "DPKist-LAPLACE-0-0.5dum-20Clients-1048576": 2.848723209691131,
        "DPKist-LAPLACE-0-2dum-10Clients-1048576": 2.5373966168898043,
        "DPKist-LAPLACE-0-0.5dum-1Clients-1048576": 1.3648000903426791,
        "DPKist-LAPLACE-0-0.25dum-1Clients-1048576": 1.3922832888888887,
        "DPKist-LAPLACE-0-0.75dum-20Clients-1048576": 2.666184820951363,
        "DPKist-LAPLACE-0-0dum-5Clients-1048576": 4.792078255772647,
        "DPKist-LAPLACE-0-2dum-2Clients-1048576": 2.5216140892857144
    },
    "jitter": {
        "DPKist-LAPLACE-0-1dum-2Clients-1048576": 0.17967643435391342,
        "DPKist-LAPLACE-0-0.25dum-2Clients-1048576": 0.1454986134438638,
        "DPKist-LAPLACE-0-2dum-5Clients-1048576": 0.13145227268833434,
        "DPKist-LAPLACE-0-1dum-10Clients-1048576": 0.06839292864479396,
        "DPKist-LAPLACE-0-1dum-5Clients-1048576": 0.14515752172916674,
        "DPKist-LAPLACE-0-0dum-2Clients-1048576": 0.15704844012157598,
        "DPKist-LAPLACE-0-0.75dum-1Clients-1048576": 0.2280748563086578,
        "DPKist-LAPLACE-0-0.25dum-5Clients-1048576": 0.14255989402283123,
        "DPKist-LAPLACE-0-0.75dum-10Clients-1048576": 0.06101203751616906,
        "DPKist-LAPLACE-0-0.75dum-2Clients-1048576": 0.17779522202464013,
        "DPKist-LAPLACE-0-0dum-10Clients-1048576": 0.09211121194569527,
        "DPKist-LAPLACE-0-0dum-1Clients-1048576": 0.22699768602033168,
        "DPKist-LAPLACE-0-0.75dum-5Clients-1048576": 0.13788739572201936,
        "DPKist-LAPLACE-0-0dum-20Clients-1048576": 0.028510178021889335,
        "DPKist-LAPLACE-0-2dum-1Clients-1048576": 0.23429558158265665,
        "DPKist-LAPLACE-0-0.25dum-20Clients-1048576": 0.03045521880332794,
        "DPKist-LAPLACE-0-0.5dum-10Clients-1048576": 0.06915169841677266,
        "DPKist-LAPLACE-0-0.25dum-10Clients-1048576": 0.07649725144500104,
        "DPKist-LAPLACE-0-1dum-1Clients-1048576": 0.22125712811586526,
        "DPKist-LAPLACE-0-0.5dum-5Clients-1048576": 0.15581784606831578,
        "DPKist-LAPLACE-0-0.5dum-2Clients-1048576": 0.1549714333864547,
        "DPKist-LAPLACE-0-0.5dum-20Clients-1048576": 0.03168377850293223,
        "DPKist-LAPLACE-0-2dum-10Clients-1048576": 0.05578723311757113,
        "DPKist-LAPLACE-0-0.5dum-1Clients-1048576": 0.21606758640724832,
        "DPKist-LAPLACE-0-0.25dum-1Clients-1048576": 0.21787447213781067,
        "DPKist-LAPLACE-0-0.75dum-20Clients-1048576": 0.03125149423331978,