{
    "test-uni": {
        "latency": 0.32578325714285716,
        "throughput": 1186222.0285714285,
        "total_time": 1.3000023714285713,
        "jitter": 0.003448533071618845
    },
    "test-exp": {
        "latency": 0.32524953125,
        "throughput": 939575.28125,
        "total_time": 1.49358496875,
        "jitter": 0.0037391140533031744
    }
}