{
    "latency": {
        "test-uni": 0.32578325714285716,
        "test-exp": 0.32524953125
    },
    "throughput": {
        "test-uni": 1186222.0285714285,
        "test-exp": 939575.28125
    },
    "total_time": {
        "test-uni": 1.3000023714285713,
        "test-exp": 1.49358496875
    },
    "jitter": {
        "test-uni": 0.003448533071618845,
        "test-exp": 0.0037391140533031744
    }
}