{
    "DPKist-LAPLACE-0-0.25dum-1of2-5242880": {
        "latency": 85.54633508588317,
        "throughput": 227.78094575799722,
        "total_time": 329.7217937100139,
        "jitter": 0.0032419602350389465
    },
    "DPVanilla-LAPLACE-0-1dum-0of2-51200": {
        "latency": 72.49417388833204,
        "throughput": 1182.792795614722,
        "total_time": 149.356791891621,
        "jitter": 0.0036854622304707614
    },
    "DPKist-LAPLACE-0-2dum-0of2-51200": {
        "latency": 66.92083274061434,
        "throughput": 1236.855342609609,
        "total_time": 130.72970133342085,
        "jitter": 0.004165155151780549
    },
    "DPVanilla-LAPLACE-0-1dum-0of2-1048576": {
        "latency": 69.47075254385442,
        "throughput": 576.8436754176611,
        "total_time": 240.84097484218375,
        "jitter": 0.0038676735029875256
    },
    "DPVanilla-LAPLACE-0-0.25dum-0of2-51200": {
        "latency": 72.65259941146094,
        "throughput": 1086.9148758953856,
        "total_time": 147.88268537231386,
        "jitter": 0.003409506502284731
    },
    "DPKist-LAPLACE-0-0.1dum-0of2-51200": {
        "latency": 73.11917751296383,
        "throughput": 366.68079490762307,
        "total_time": 147.91281448253378,
        "jitter": 0.0036304120854617006
    },
    "DPKist-LAPLACE-0-1dum-0of2-1048576": {
        "latency": 66.72799130245635,
        "throughput": 1564.891387984611,
        "total_time": 255.82701619532406,
        "jitter": 0.003964382201015907
    },
    "DPKist-LAPLACE-0-0.75dum-0of2-5242880": {
        "latency": 74.12818602658885,
        "throughput": 351.61997405966275,
        "total_time": 266.9610422289235,
        "jitter": 0.0032175929017190176
    },
    "DPKist-LAPLACE-0-0.25dum-0of2-51200": {
        "latency": 71.21922620103092,
        "throughput": 546.5291559278351,
        "total_time": 147.77602127690076,
        "jitter": 0.00327408017928165
    },
    "DPKist-LAPLACE-0-0.1dum-1of2-51200": {
        "latency": 91.62636249538056,
        "throughput": 614.6184191230386,
        "total_time": 205.90397624915676,
        "jitter": 0.004114260901533606
    },
    "DPKist-LAPLACE-0-0.75dum-1of2-1048576": {
        "latency": 72.58763579038394,
        "throughput": 854.2538913870633,
        "total_time": 288.83425778312,
        "jitter": 0.0035976977726663324
    },
    "DPVanilla-LAPLACE-0-0.75dum-1of2-1048576": {
        "latency": 53.372311856733525,
        "throughput": 740.8100695865738,
        "total_time": 202.42212259046258,
        "jitter": 0.0056393795238288665
    },
    "DPKist-LAPLACE-0-0dum-0of2-1048576": {
        "latency": 67.82011234309736,
        "throughput": 453.0813669650122,
        "total_time": 235.57003379197178,
        "jitter": 0.0032046374405471146
    },
    "DPVanilla-LAPLACE-0-2dum-1of2-51200": {
        "latency": 90.49104903818103,
        "throughput": 247.86186186186185,
        "total_time": 193.5286381118261,
        "jitter": 0.0032931929018764194
    },
    "DPVanilla-LAPLACE-0-0dum-0of2-1048576": {
        "latency": 64.7612997110451,
        "throughput": 495.2144207399406,
        "total_time": 233.73134882041586,
        "jitter": 0.003188290160258115
    },
    "DPVanilla-LAPLACE-0-2dum-0of2-1048576": {
        "latency": 63.55517147475641,
        "throughput": 2426.676114555654,
        "total_time": 256.33683652553884,
        "jitter": 0.003944941615822496
    },
    "DPKist-LAPLACE-0-0.5dum-1of2-5242880": {
        "latency": 45.51171606158786,
        "throughput": 1122.9477524810275,
        "total_time": 206.00017926036193,
        "jitter": 0.003959289296655612
    },
    "DPVanilla-LAPLACE-0-0.75dum-0of2-51200": {
        "latency": 73.23118520736826,
        "throughput": 624.396549043992,
        "total_time": 148.8397523788279,
        "jitter": 0.003595536485398555
    },
    "DPKist-LAPLACE-0-2dum-1of2-1048576": {
        "latency": 65.48630863305836,
        "throughput": 1731.3666361136573,
        "total_time": 289.3538012047052,
        "jitter": 0.0039375214613218135
    },
    "DPKist-LAPLACE-0-0dum-1of2-1048576": {
        "latency": 79.34336934946758,
        "throughput": 1397.9235237173282,
        "total_time": 321.0836916689255,
        "jitter": 0.003858675418933243
    },
    "DPVanilla-LAPLACE-0-1dum-1of2-1048576": {
        "latency": 76.72327710058215,
        "throughput": 1810.8082147477362,
        "total_time": 288.2733163127425,
        "jitter": 0.003301942169013036
    },
    "DPVanilla-LAPLACE-0-2dum-1of2-5242880": {
        "latency": 78.16094929910005,
        "throughput": 335.0809952355744,
        "total_time": 266.4116619751191,
        "jitter": 0.004181801467493381
    },
    "DPVanilla-LAPLACE-0-0.5dum-1of2-5242880": {
        "latency": 44.06736209779442,
        "throughput": 3512.938410320433,
        "total_time": 217.8334040095714,
        "jitter": 0.00419416084909138
    },
    "DPVanilla-LAPLACE-0-0.75dum-1of2-5242880": {
        "latency": 35.99980730887718,
        "throughput": 5068.312525334414,
        "total_time": 187.56042546007296,
        "jitter": 0.004534627593345696
    },
    "DPKist-LAPLACE-0-2dum-1of2-51200": {
        "latency": 87.14548620980926,
        "throughput": 550.7375591567475,
        "total_time": 187.07633246737416,
        "jitter": 0.0033325283876001993
    },
    "DPVanilla-LAPLACE-0-0.75dum-1of2-51200": {
        "latency": 88.9262477793137,
        "throughput": 964.9089282810213,
        "total_time": 195.6789142797203,
        "jitter": 0.0034569183527389615
    },
    "DPVanilla-LAPLACE-0-0.1dum-0of2-1048576": {
        "latency": 70.75638899764469,
        "throughput": 1670.8893001345896,
        "total_time": 254.28686616790043,
        "jitter": 0.0033264145965487663
    },
    "DPKist-LAPLACE-0-0dum-1of2-5242880": {
        "latency": 69.79178729745783,
        "throughput": 578.592064623426,
        "total_time": 251.34880860822042,
        "jitter": 0.0037894231845513812
    },
    "DPVanilla-LAPLACE-0-0.5dum-1of2-51200": {
        "latency": 88.23379160170101,
        "throughput": 205.29450771226755,
        "total_time": 197.93746581274326,
        "jitter": 0.003415345393166027
    },
    "DPKist-LAPLACE-0-0.5dum-0of2-51200": {
        "latency": 66.39166465394511,
        "throughput": 751.2474271012007,
        "total_time": 138.52358485877645,
        "jitter": 0.004157306223912487
    },
    "DPKist-LAPLACE-0-0.5dum-0of2-5242880": {
        "latency": 70.37082833642691,
        "throughput": 655.1365594961883,
        "total_time": 260.4140901097116,
        "jitter": 0.0035778223319509125
    },
    "DPKist-LAPLACE-0-1dum-0of2-51200": {
        "latency": 76.91139210065715,
        "throughput": 369.67286424106425,
        "total_time": 153.49907529171344,
        "jitter": 0.00339715725432691
    },
    "DPKist-LAPLACE-0-0dum-0of2-5242880": {
        "latency": 67.62564809506652,
        "throughput": 427.325110864745,
        "total_time": 239.89047384478937,
        "jitter": 0.0032298375077232586
    },
    "DPKist-LAPLACE-0-1dum-0of2-5242880": {
        "latency": 71.62000082367297,
        "throughput": 583.9563758389262,
        "total_time": 244.16888216687005,
        "jitter": 0.004071740747497784
    },
    "DPVanilla-LAPLACE-0-0.75dum-0of2-5242880": {
        "latency": 72.36264704269081,
        "throughput": 1652.822445019405,
        "total_time": 263.64167199708925,
        "jitter": 0.005184627934036106
    },
    "DPVanilla-LAPLACE-0-0.25dum-1of2-5242880": {
        "latency": 79.56058041122384,
        "throughput": 211.24920735573875,
        "total_time": 298.89912652187695,
        "jitter": 0.0033189746127962644
    },
    "DPVanilla-LAPLACE-0-0dum-0of2-51200": {
        "latency": 64.52845268665867,
        "throughput": 1201.2541650006665,
        "total_time": 129.8408202361722,
        "jitter": 0.0035858329313660795
    },
    "DPVanilla-LAPLACE-0-2dum-0of2-5242880": {
        "latency": 71.00369995056799,