{
    "latency": {
        "PRIV_KIST-LAPLACE-0-0.25dum-1Clients-1MB": 0.0637703,
        "KIST-LAPLACE-0-10dum-1Clients-1MB": 0.057236060000000005,
        "KIST-LAPLACE-0-0.25dum-1Clients-1MB": 0.058654399999999995,
        "PRIV_KIST-LAPLACE-0-0dum-1Clients-1MB": 0.06318011999999999,
        "PRIV_KIST-LAPLACE-0-10dum-1Clients-1MB": 0.055788469999999986,
        "KIST-LAPLACE-0-2dum-1Clients-1MB": 0.05701955999999999,
        "PRIV_KIST-LAPLACE-0-0.75dum-1Clients-1MB": 0.044428010000000004,
        "PRIV_KIST-LAPLACE-0-1dum-1Clients-1MB": 0.042091140000000006,
        "PRIV_KIST-LAPLACE-0-2dum-1Clients-1MB": 0.059130150000000006,
        "KIST-LAPLACE-0-1dum-1Clients-1MB": 0.13414425,
        "KIST-LAPLACE-0-0dum-1Clients-1MB": 0.05328969999999999,
        "KIST-LAPLACE-0-0.75dum-1Clients-1MB": 0.05712421000000001,
        "PRIV_KIST-LAPLACE-0-0.5dum-1Clients-1MB": 0.04484733000000001,
        "KIST-LAPLACE-0-0.1dum-1Clients-1MB": 0.06430292,
        "PRIV_KIST-LAPLACE-0-0.1dum-1Clients-1MB": 0.057756329999999995,
        "KIST-LAPLACE-0-0.5dum-1Clients-1MB": 0.05483634
    },
    "throughput": {
        "PRIV_KIST-LAPLACE-0-0.25dum-1Clients-1MB": 2039843.46,
        "KIST-LAPLACE-0-10dum-1Clients-1MB": 4273448.88,
        "KIST-LAPLACE-0-0.25dum-1Clients-1MB": 1999715.89,
        "PRIV_KIST-LAPLACE-0-0dum-1Clients-1MB": 3896179.57,
        "PRIV_KIST-LAPLACE-0-10dum-1Clients-1MB": 3942553.12,
        "KIST-LAPLACE-0-2dum-1Clients-1MB": 2825690.1,
        "PRIV_KIST-LAPLACE-0-0.75dum-1Clients-1MB": 2248840.01,
        "PRIV_KIST-LAPLACE-0-1dum-1Clients-1MB": 2282002.3,
        "PRIV_KIST-LAPLACE-0-2dum-1Clients-1MB": 2845196.02,
        "KIST-LAPLACE-0-1dum-1Clients-1MB": 2223506.31,
        "KIST-LAPLACE-0-0dum-1Clients-1MB": 3936756.08,
        "KIST-LAPLACE-0-0.75dum-1Clients-1MB": 2220653.44,
        "PRIV_KIST-LAPLACE-0-0.5dum-1Clients-1MB": 2152830.53,
        "KIST-LAPLACE-0-0.1dum-1Clients-1MB": 1958730.44,
        "PRIV_KIST-LAPLACE-0-0.1dum-1Clients-1MB": 1949477.1,
        "KIST-LAPLACE-0-0.5dum-1Clients-1MB": 2121678.21
    },
    "total_time": {
        "PRIV_KIST-LAPLACE-0-0.25dum-1Clients-1MB": 0.5364435599999999,
        "KIST-LAPLACE-0-10dum-1Clients-1MB": 0.27241487000000003,
        "KIST-LAPLACE-0-0.25dum-1Clients-1MB": 0.5479831,
        "PRIV_KIST-LAPLACE-0-0dum-1Clients-1MB": 0.28976109,
        "PRIV_KIST-LAPLACE-0-10dum-1Clients-1MB": 0.28419119000000004,
        "KIST-LAPLACE-0-2dum-1Clients-1MB": 0.3925840099999999,
        "PRIV_KIST-LAPLACE-0-0.75dum-1Clients-1MB": 0.4782349200000002,
        "PRIV_KIST-LAPLACE-0-1dum-1Clients-1MB": 0.46519560000000004,
        "PRIV_KIST-LAPLACE-0-2dum-1Clients-1MB": 0.3834226400000001,
        "KIST-LAPLACE-0-1dum-1Clients-1MB": 0.54846732,
        "KIST-LAPLACE-0-0dum-1Clients-1MB": 0.28694241000000004,
        "KIST-LAPLACE-0-0.75dum-1Clients-1MB": 0.48288303,
        "PRIV_KIST-LAPLACE-0-0.5dum-1Clients-1MB": 0.50097007,
        "KIST-LAPLACE-0-0.1dum-1Clients-1MB": 0.5561253100000001,
        "PRIV_KIST-LAPLACE-0-0.1dum-1Clients-1MB": 0.55650314,
        "KIST-LAPLACE-0-0.5dum-1Clients-1MB": 0.50975831
    },
    "jitter": {
        "PRIV_KIST-LAPLACE-0-0.25dum-1Clients-1MB": 0.012166193361988025,
        "KIST-LAPLACE-0-10dum-1Clients-1MB": 0.015610813952042658,
        "KIST-LAPLACE-0-0.25dum-1Clients-1MB": 0.014142920379325234,
        "PRIV_KIST-LAPLACE-0-0dum-1Clients-1MB": 0.014087418403590854,
        "PRIV_KIST-LAPLACE-0-10dum-1Clients-1MB": 0.013697442995645601,
        "KIST-LAPLACE-0-2dum-1Clients-1MB": 0.013876918603314543,
        "PRIV_KIST-LAPLACE-0-0.75dum-1Clients-1MB": 0.012380779935360697,
        "PRIV_KIST-LAPLACE-0-1dum-1Clients-1MB": 0.012487557258001448,
        "PRIV_KIST-LAPLACE-0-2dum-1Clients-1MB": 0.012647610502203714,
        "KIST-LAPLACE-0-1dum-1Clients-1MB": 0.018397948526360692,
        "KIST-LAPLACE-0-0dum-1Clients-1MB": 0.013786110073706073,
        "KIST-LAPLACE-0-0.75dum-1Clients-1MB": 0.012612016787175842,
        "PRIV_KIST-LAPLACE-0-0.5dum-1Clients-1MB": 0.014691155617942504,
        "KIST-LAPLACE-0-0.1dum-1Clients-1MB": 0.01290010235506043,
        "PRIV_KIST-LAPLACE-0-0.1dum-1Clients-1MB": 0.012900384464398628,
        "KIST-LAPLACE-0-0.5dum-1Clients-1MB": 0.012355184917939807
    }
}