{
    "PRIV_KIST-LAPLACE-0-0.25dum-1Clients-1MB": {
        "latency": 0.0637703,
        "throughput": 2039843.46,
        "total_time": 0.5364435599999999,
        "jitter": 0.012166193361988025
    },
    "KIST-LAPLACE-0-10dum-1Clients-1MB": {
        "latency": 0.057236060000000005,
        "throughput": 4273448.88,
        "total_time": 0.27241487000000003,
        "jitter": 0.015610813952042658
    },
    "KIST-LAPLACE-0-0.25dum-1Clients-1MB": {
        "latency": 0.058654399999999995,
        "throughput": 1999715.89,
        "total_time": 0.5479831,
        "jitter": 0.014142920379325234
    },
    "PRIV_KIST-LAPLACE-0-0dum-1Clients-1MB": {
        "latency": 0.06318011999999999,
        "throughput": 3896179.57,
        "total_time": 0.28976109,
        "jitter": 0.014087418403590854
    },
    "PRIV_KIST-LAPLACE-0-10dum-1Clients-1MB": {
        "latency": 0.055788469999999986,
        "throughput": 3942553.12,
        "total_time": 0.28419119000000004,
        "jitter": 0.013697442995645601
    },
    "KIST-LAPLACE-0-2dum-1Clients-1MB": {
        "latency": 0.05701955999999999,
        "throughput": 2825690.1,
        "total_time": 0.3925840099999999,
        "jitter": 0.013876918603314543
    },
    "PRIV_KIST-LAPLACE-0-0.75dum-1Clients-1MB": {
        "latency": 0.044428010000000004,
        "throughput": 2248840.01,
        "total_time": 0.4782349200000002,
        "jitter": 0.012380779935360697
    },
    "PRIV_KIST-LAPLACE-0-1dum-1Clients-1MB": {
        "latency": 0.042091140000000006,
        "throughput": 2282002.3,
        "total_time": 0.46519560000000004,
        "jitter": 0.012487557258001448
    },
    "PRIV_KIST-LAPLACE-0-2dum-1Clients-1MB": {
        "latency": 0.059130150000000006,
        "throughput": 2845196.02,
        "total_time": 0.3834226400000001,
        "jitter": 0.012647610502203714
    },
    "KIST-LAPLACE-0-1dum-1Clients-1MB": {
        "latency": 0.13414425,
        "throughput": 2223506.31,
        "total_time": 0.54846732,
        "jitter": 0.018397948526360692
    },
    "KIST-LAPLACE-0-0dum-1Clients-1MB": {
        "latency": 0.05328969999999999,
        "throughput": 3936756.08,
        "total_time": 0.28694241000000004,
        "jitter": 0.013786110073706073
    },
    "KIST-LAPLACE-0-0.75dum-1Clients-1MB": {
        "latency": 0.05712421000000001,
        "throughput": 2220653.44,
        "total_time": 0.48288303,
        "jitter": 0.012612016787175842
    },
    "PRIV_KIST-LAPLACE-0-0.5dum-1Clients-1MB": {
        "latency": 0.04484733000000001,
        "throughput": 2152830.53,
        "total_time": 0.50097007,
        "jitter": 0.014691155617942504
    },
    "KIST-LAPLACE-0-0.1dum-1Clients-1MB": {
        "latency": 0.06430292,
        "throughput": 1958730.44,
        "total_time": 0.5561253100000001,
        "jitter": 0.01290010235506043
    },
    "PRIV_KIST-LAPLACE-0-0.1dum-1Clients-1MB": {
        "latency": 0.057756329999999995,
        "throughput": 1949477.1,
        "total_time": 0.55650314,
        "jitter": 0.012900384464398628
    },
    "KIST-LAPLACE-0-0.5dum-1Clients-1MB": {
        "latency": 0.05483634,
        "throughput": 2121678.21,
        "total_time": 0.50975831,
        "jitter": 0.012355184917939807
    }
}