{
    "DPKist-LAPLACE-0-0dum-2Clients-1048576": {
        "latency": 1.600905245762712,
        "throughput": 64271.911016949154,
        "total_time": 1.8070851694915258,
        "jitter": 0.18535945730486567
    }
}