{
    "latency": {
        "DPKist-LAPLACE-0-1dum-5Clients-1048576": 1.6878875025108224,
        "DPKist-LAPLACE-0-0.5dum-2Clients-1048576": 1.5162789027777777,
        "DPKist-LAPLACE-0-0dum-5Clients-1048576": 1.5695270346390269,
        "DPKist-LAPLACE-0-1dum-2Clients-1048576": 1.4312740512820514,
        "DPKist-LAPLACE-0-0dum-10Clients-1048576": 1.4090214700470687,
        "DPKist-LAPLACE-0-0dum-2Clients-1048576": 1.7140949280303028,
        "DPKist-LAPLACE-0-2dum-10Clients-1048576": 1.3625812811253155,
        "DPKist-LAPLACE-0-2dum-2Clients-1048576": 1.7317539185185187,
        "DPKist-LAPLACE-0-0dum-1Clients-1048576": 1.8493276944444446,
        "DPKist-LAPLACE-0-0.75dum-1Clients-1048576": 1.4514826333333335,
        "DPKist-LAPLACE-0-0.5dum-10Clients-1048576": 1.6279786574472608,
        "DPKist-LAPLACE-0-2dum-5Clients-1048576": 1.533258400980392,
        "DPKist-LAPLACE-0-0.5dum-20Clients-1048576": 1.283298643713813,
        "DPKist-LAPLACE-0-0.75dum-20Clients-1048576": 1.2920384515623466,
        "DPKist-LAPLACE-0-0.75dum-2Clients-1048576": 1.560084595238095,
        "DPKist-LAPLACE-0-1dum-20Clients-1048576": 1.203815620263942,
        "DPKist-LAPLACE-0-1dum-10Clients-1048576": 1.5419575648384958,
        "DPKist-LAPLACE-0-0dum-20Clients-1048576": 1.352705641513351,
        "DPKist-LAPLACE-0-0.75dum-5Clients-1048576": 1.8020724091503268,
        "DPKist-LAPLACE-0-0.75dum-10Clients-1048576": 1.3598846276742582,
        "DPKist-LAPLACE-0-0.5dum-1Clients-1048576": 1.3434945833333334,
        "DPKist-LAPLACE-0-2dum-20Clients-1048576": 1.1332681614540412,
        "DPKist-LAPLACE-0-2dum-1Clients-1048576": 1.3697880500000001,
        "DPKist-LAPLACE-0-1dum-1Clients-1048576": 1.94823,
        "DPKist-LAPLACE-0-0.5dum-5Clients-1048576": 2.0914307571513455
    },
    "throughput": {
        "DPKist-LAPLACE-0-1dum-5Clients-1048576": 62699.02652236653,
        "DPKist-LAPLACE-0-0.5dum-2Clients-1048576": 63205.44841269841,
        "DPKist-LAPLACE-0-0dum-5Clients-1048576": 66060.8374388657,
        "DPKist-LAPLACE-0-1dum-2Clients-1048576": 69518.71474358975,
        "DPKist-LAPLACE-0-0dum-10Clients-1048576": 70188.24090714591,
        "DPKist-LAPLACE-0-0dum-2Clients-1048576": 62414.84090909091,
        "DPKist-LAPLACE-0-2dum-10Clients-1048576": 73512.99220927809,
        "DPKist-LAPLACE-0-2dum-2Clients-1048576": 58912.62222222222,
        "DPKist-LAPLACE-0-0dum-1Clients-1048576": 59946.5,
        "DPKist-LAPLACE-0-0.75dum-1Clients-1048576": 68264.08333333333,
        "DPKist-LAPLACE-0-0.5dum-10Clients-1048576": 64508.685171900746,
        "DPKist-LAPLACE-0-2dum-5Clients-1048576": 67054.49477124184,
        "DPKist-LAPLACE-0-0.5dum-20Clients-1048576": 73345.26910440216,
        "DPKist-LAPLACE-0-0.75dum-20Clients-1048576": 75132.78874472248,
        "DPKist-LAPLACE-0-0.75dum-2Clients-1048576": 67387.33333333333,
        "DPKist-LAPLACE-0-1dum-20Clients-1048576": 77825.81415689463,
        "DPKist-LAPLACE-0-1dum-10Clients-1048576": 70039.78206403334,
        "DPKist-LAPLACE-0-0dum-20Clients-1048576": 72486.47387794421,
        "DPKist-LAPLACE-0-0.75dum-5Clients-1048576": 60420.36339869281,
        "DPKist-LAPLACE-0-0.75dum-10Clients-1048576": 72035.68495514148,
        "DPKist-LAPLACE-0-0.5dum-1Clients-1048576": 70224.0,
        "DPKist-LAPLACE-0-2dum-20Clients-1048576": 81852.23113773258,
        "DPKist-LAPLACE-0-2dum-1Clients-1048576": 71114.01666666666,
        "DPKist-LAPLACE-0-1dum-1Clients-1048576": 61712.1388888889,
        "DPKist-LAPLACE-0-0.5dum-5Clients-1048576": 56480.90039045922
    },
    "total_time": {
        "DPKist-LAPLACE-0-1dum-5Clients-1048576": 1.8967449958730158,
        "DPKist-LAPLACE-0-0.5dum-2Clients-1048576": 1.7386690694444444,
        "DPKist-LAPLACE-0-0dum-5Clients-1048576": 1.7780270433436531,
        "DPKist-LAPLACE-0-1dum-2Clients-1048576": 1.6406326730769232,
        "DPKist-LAPLACE-0-0dum-10Clients-1048576": 1.621769178647839,
        "DPKist-LAPLACE-0-0dum-2Clients-1048576": 1.9220969204545455,
        "DPKist-LAPLACE-0-2dum-10Clients-1048576": 1.578878770937262,
        "DPKist-LAPLACE-0-2dum-2Clients-1048576": 1.9329112407407407,
        "DPKist-LAPLACE-0-0dum-1Clients-1048576": 2.05854275,
        "DPKist-LAPLACE-0-0.75dum-1Clients-1048576": 1.669651016666667,
        "DPKist-LAPLACE-0-0.5dum-10Clients-1048576": 1.8410400301025558,
        "DPKist-LAPLACE-0-2dum-5Clients-1048576": 1.7433778117647059,
        "DPKist-LAPLACE-0-0.5dum-20Clients-1048576": 1.522650095533499,
        "DPKist-LAPLACE-0-0.75dum-20Clients-1048576": 1.5096948896134883,
        "DPKist-LAPLACE-0-0.75dum-2Clients-1048576": 1.7852290535714284,
        "DPKist-LAPLACE-0-1dum-20Clients-1048576": 1.4354184567348358,
        "DPKist-LAPLACE-0-1dum-10Clients-1048576": 1.7534917855688168,
        "DPKist-LAPLACE-0-0dum-20Clients-1048576": 1.5620036640955715,
        "DPKist-LAPLACE-0-0.75dum-5Clients-1048576": 2.018412346405229,
        "DPKist-LAPLACE-0-0.75dum-10Clients-1048576": 1.5664173899240854,
        "DPKist-LAPLACE-0-0.5dum-1Clients-1048576": 1.579463111111111,
        "DPKist-LAPLACE-0-2dum-20Clients-1048576": 1.352051489843867,
        "DPKist-LAPLACE-0-2dum-1Clients-1048576": 1.5901323166666665,
        "DPKist-LAPLACE-0-1dum-1Clients-1048576": 2.1635548055555556,
        "DPKist-LAPLACE-0-0.5dum-5Clients-1048576": 2.321991314828962
    },
    "jitter": {
        "DPKist-LAPLACE-0-1dum-5Clients-1048576": 0.1805354696723009,
        "DPKist-LAPLACE-0-0.5dum-2Clients-1048576": 0.20289048388818098,
        "DPKist-LAPLACE-0-0dum-5Clients-1048576": 0.16030521421585947,
        "DPKist-LAPLACE-0-1dum-2Clients-1048576": 0.20080685600264436,
        "DPKist-LAPLACE-0-0dum-10Clients-1048576": 0.1502297656854357,
        "DPKist-LAPLACE-0-0dum-2Clients-1048576": 0.17692298093667783,
        "DPKist-LAPLACE-0-2dum-10Clients-1048576": 0.12755381760516685,
        "DPKist-LAPLACE-0-2dum-2Clients-1048576": 0.20158268451751013,
        "DPKist-LAPLACE-0-0dum-1Clients-1048576": 0.1918371201353486,
        "DPKist-LAPLACE-0-0.75dum-1Clients-1048576": 0.18230758719114193,
        "DPKist-LAPLACE-0-0.5dum-10Clients-1048576": 0.12055699941534244,
        "DPKist-LAPLACE-0-2dum-5Clients-1048576": 0.163186949372552,
        "DPKist-LAPLACE-0-0.5dum-20Clients-1048576": 0.10553250346627717,
        "DPKist-LAPLACE-0-0.75dum-20Clients-1048576": 0.09941993616527241,
        "DPKist-LAPLACE-0-0.75dum-2Clients-1048576": 0.21224938577178687,
        "DPKist-LAPLACE-0-1dum-20Clients-1048576": 0.09418689916704255,
        "DPKist-LAPLACE-0-1dum-10Clients-1048576": 0.1428441108213699,
        "DPKist-LAPLACE-0-0dum-20Clients-1048576": 0.11311881290736592,
        "DPKist-LAPLACE-0-0.75dum-5Clients-1048576": 0.17036344606380013,
        "DPKist-LAPLACE-0-0.75dum-10Clients-1048576": 0.10753349529286388,
        "DPKist-LAPLACE-0-0.5dum-1Clients-1048576": 0.16557655817442948,
        "DPKist-LAPLACE-0-2dum-20Clients-1048576": 0.09512907690464077,
        "DPKist-LAPLACE-0-2dum-1Clients-1048576": 0.1637060021657691,
        "DPKist-LAPLACE-0-1dum-1Clients-1048576": 0.1994051085833222,
        "DPKist-LAPLACE-0-0.5dum-5Clients-1048576": 0.15501703827581417
    }
}