{
    "latency": {
        "DPKist-LAPLACE-0-1dum-2Clients-1048576": 1.0169627007194244,
        "DPKist-LAPLACE-1-0.25dum-10Clients-1048576": 1.044015837551501,
        "DPKist-LAPLACE-1-1dum-5Clients-1048576": 1.1126221038882138,
        "DPKist-LAPLACE-1-0.25dum-1Clients-1048576": 1.0579487741935485,
        "DPKist-LAPLACE-1-0dum-10Clients-1048576": 1.0589766249632895,
        "DPKist-LAPLACE-1-0.5dum-10Clients-1048576": 1.0428080097030286,
        "DPKist-LAPLACE-0-0.25dum-2Clients-1048576": 1.00157049002849,
        "DPKist-LAPLACE-1-1dum-2Clients-1048576": 1.0169883132183908,
        "DPKist-LAPLACE-0-2dum-5Clients-1048576": 1.078868557426338,
        "DPKist-LAPLACE-1-2dum-1Clients-1048576": 1.0116542657142855,
        "DPKist-LAPLACE-1-1dum-10Clients-1048576": 1.0295123847048562,
        "DPKist-LAPLACE-1-0.5dum-20Clients-1048576": 1.9973690652781306,
        "DPKist-LAPLACE-1-1dum-1Clients-1048576": 1.0083730712250711,
        "DPKist-LAPLACE-1-2dum-10Clients-1048576": 1.050708419883041,
        "DPKist-LAPLACE-0-1dum-20Clients-1048576": 1.9358947413326777,
        "DPKist-LAPLACE-0-1dum-10Clients-1048576": 1.0259722546870493,
        "DPKist-LAPLACE-1-0.5dum-5Clients-1048576": 1.0866331950927588,
        "DPKist-LAPLACE-1-0.75dum-2Clients-1048576": 1.036620374455733,
        "DPKist-LAPLACE-1-1dum-20Clients-1048576": 1.9747675007422067,
        "DPKist-LAPLACE-0-1dum-5Clients-1048576": 1.0911000217785845,
        "DPKist-LAPLACE-0-0dum-2Clients-1048576": 0.9935556416430595,
        "DPKist-LAPLACE-0-0.75dum-1Clients-1048576": 1.04333166180758,
        "DPKist-LAPLACE-0-0.25dum-5Clients-1048576": 1.0715269673590504,
        "DPKist-LAPLACE-0-0.75dum-10Clients-1048576": 1.0597081629345906,
        "DPKist-LAPLACE-0-0.75dum-2Clients-1048576": 1.0061626618911175,
        "DPKist-LAPLACE-0-0dum-10Clients-1048576": 1.0603484063614743,
        "DPKist-LAPLACE-1-0.25dum-20Clients-1048576": 2.0368036495398774,
        "DPKist-LAPLACE-0-0dum-1Clients-1048576": 1.200256750798722,
        "DPKist-LAPLACE-1-0.5dum-2Clients-1048576": 1.0093808266475643,
        "DPKist-LAPLACE-0-0.75dum-5Clients-1048576": 1.089782475704859,
        "DPKist-LAPLACE-1-0dum-1Clients-1048576": 1.0763391347305389,
        "DPKist-LAPLACE-0-0dum-20Clients-1048576": 1.653680436424581,
        "DPKist-LAPLACE-0-2dum-20Clients-1048576": 1.9787677125579,
        "DPKist-LAPLACE-0-2dum-1Clients-1048576": 0.9769600644257703,
        "DPKist-LAPLACE-0-0.25dum-20Clients-1048576": 2.0475305469585137,
        "DPKist-LAPLACE-0-0.5dum-10Clients-1048576": 1.0429863257443084,
        "DPKist-LAPLACE-1-0.75dum-10Clients-1048576": 1.075061996432818,
        "DPKist-LAPLACE-0-0.25dum-10Clients-1048576": 1.0409388169302871,
        "DPKist-LAPLACE-0-1dum-1Clients-1048576": 1.0439614285714285,
        "DPKist-LAPLACE-0-0.5dum-5Clients-1048576": 1.0830466302270012,
        "DPKist-LAPLACE-1-0dum-2Clients-1048576": 0.9764565742296918,
        "DPKist-LAPLACE-1-2dum-20Clients-1048576": 1.9042752985629336,
        "DPKist-LAPLACE-1-0.5dum-1Clients-1048576": 1.0563172147058824,
        "DPKist-LAPLACE-1-2dum-2Clients-1048576": 1.0783085701492536,
        "DPKist-LAPLACE-1-2dum-5Clients-1048576": 1.0381148609656776,
        "DPKist-LAPLACE-0-0.5dum-2Clients-1048576": 1.0363627076700435,
        "DPKist-LAPLACE-0-0.5dum-20Clients-1048576": 2.0021338531715944,
        "DPKist-LAPLACE-0-2dum-10Clients-1048576": 1.0174652349051179,
        "DPKist-LAPLACE-1-0dum-20Clients-1048576": 1.6928979820224719,
        "DPKist-LAPLACE-0-0.5dum-1Clients-1048576": 1.0679172633136094,
        "DPKist-LAPLACE-1-0.75dum-1Clients-1048576": 1.0427537325581395,
        "DPKist-LAPLACE-0-0.25dum-1Clients-1048576": 1.206587911111111,
        "DPKist-LAPLACE-0-0.75dum-20Clients-1048576": 1.949457056248409,
        "DPKist-LAPLACE-1-0.25dum-5Clients-1048576": 1.090952143798682,
        "DPKist-LAPLACE-1-0.75dum-5Clients-1048576": 1.0784218313468414,
        "DPKist-LAPLACE-1-0.25dum-2Clients-1048576": 1.0186112824207494,
        "DPKist-LAPLACE-1-0.75dum-20Clients-1048576": 2.1314512613037446,
        "DPKist-LAPLACE-0-0dum-5Clients-1048576": 1.0923245847813063,
        "DPKist-LAPLACE-0-2dum-2Clients-1048576": 1.046440109649123,
        "DPKist-LAPLACE-1-0dum-5Clients-1048576": 1.0679692902843603
    },
    "throughput": {
        "DPKist-LAPLACE-0-1dum-2Clients-1048576": 87364.0143884892,
        "DPKist-LAPLACE-1-0.25dum-10Clients-1048576": 85353.96880517952,
        "DPKist-LAPLACE-1-1dum-5Clients-1048576": 82966.39550425274,
        "DPKist-LAPLACE-1-0.25dum-1Clients-1048576": 84872.284457478,
        "DPKist-LAPLACE-1-0dum-10Clients-1048576": 85897.73538913362,
        "DPKist-LAPLACE-1-0.5dum-10Clients-1048576": 85654.99647162599,
        "DPKist-LAPLACE-0-0.25dum-2Clients-1048576": 88156.95014245014,
        "DPKist-LAPLACE-1-1dum-2Clients-1048576": 87617.73994252873,
        "DPKist-LAPLACE-0-2dum-5Clients-1048576": 84464.52495490079,
        "DPKist-LAPLACE-1-2dum-1Clients-1048576": 87766.03142857143,
        "DPKist-LAPLACE-1-1dum-10Clients-1048576": 87200.17214306485,
        "DPKist-LAPLACE-1-0.5dum-20Clients-1048576": 43030.934721869446,
        "DPKist-LAPLACE-1-1dum-1Clients-1048576": 87877.21937321937,
        "DPKist-LAPLACE-1-2dum-10Clients-1048576": 86489.067251462,
        "DPKist-LAPLACE-0-1dum-20Clients-1048576": 44881.63166953529,
        "DPKist-LAPLACE-0-1dum-10Clients-1048576": 86991.92039226997,
        "DPKist-LAPLACE-1-0.5dum-5Clients-1048576": 83586.8342309994,
        "DPKist-LAPLACE-1-0.75dum-2Clients-1048576": 85799.42525399128,
        "DPKist-LAPLACE-1-1dum-20Clients-1048576": 44830.12196932212,
        "DPKist-LAPLACE-0-1dum-5Clients-1048576": 83617.2909860859,
        "DPKist-LAPLACE-0-0dum-2Clients-1048576": 88936.96033994334,
        "DPKist-LAPLACE-0-0.75dum-1Clients-1048576": 85432.79300291545,
        "DPKist-LAPLACE-0-0.25dum-5Clients-1048576": 84609.20356083087,
        "DPKist-LAPLACE-0-0.75dum-10Clients-1048576": 84652.42958161462,
        "DPKist-LAPLACE-0-0.75dum-2Clients-1048576": 88116.7693409742,
        "DPKist-LAPLACE-0-0dum-10Clients-1048576": 85445.53953626635,
        "DPKist-LAPLACE-1-0.25dum-20Clients-1048576": 42617.41411042945,
        "DPKist-LAPLACE-0-0dum-1Clients-1048576": 79577.74440894568,
        "DPKist-LAPLACE-1-0.5dum-2Clients-1048576": 87382.87965616045,
        "DPKist-LAPLACE-0-0.75dum-5Clients-1048576": 83455.87882423516,
        "DPKist-LAPLACE-1-0dum-1Clients-1048576": 84211.98502994012,
        "DPKist-LAPLACE-0-0dum-20Clients-1048576": 51332.121117318435,
        "DPKist-LAPLACE-0-2dum-20Clients-1048576": 42809.661348430265,
        "DPKist-LAPLACE-0-2dum-1Clients-1048576": 89705.22408963586,
        "DPKist-LAPLACE-0-0.25dum-20Clients-1048576": 42737.95749554594,
        "DPKist-LAPLACE-0-0.5dum-10Clients-1048576": 85791.53064798599,
        "DPKist-LAPLACE-1-0.75dum-10Clients-1048576": 85447.94708680143,
        "DPKist-LAPLACE-0-0.25dum-10Clients-1048576": 85108.81575864089,
        "DPKist-LAPLACE-0-1dum-1Clients-1048576": 85936.77842565598,
        "DPKist-LAPLACE-0-0.5dum-5Clients-1048576": 83946.14575866189,
        "DPKist-LAPLACE-1-0dum-2Clients-1048576": 89374.02661064426,
        "DPKist-LAPLACE-1-2dum-20Clients-1048576": 45173.713825569874,
        "DPKist-LAPLACE-1-0.5dum-1Clients-1048576": 84887.81176470588,
        "DPKist-LAPLACE-1-2dum-2Clients-1048576": 84600.94626865671,
        "DPKist-LAPLACE-1-2dum-5Clients-1048576": 86467.45666084933,
        "DPKist-LAPLACE-0-0.5dum-2Clients-1048576": 88523.994211288,
        "DPKist-LAPLACE-0-0.5dum-20Clients-1048576": 43263.90219863533,
        "DPKist-LAPLACE-0-2dum-10Clients-1048576": 87253.63887291547,
        "DPKist-LAPLACE-1-0dum-20Clients-1048576": 50490.98471910112,
        "DPKist-LAPLACE-0-0.5dum-1Clients-1048576": 84032.73372781066,
        "DPKist-LAPLACE-1-0.75dum-1Clients-1048576": 85889.875,
        "DPKist-LAPLACE-0-0.25dum-1Clients-1048576": 82633.91428571429,