{
    "DPKist-LAPLACE-0-1dum-2Clients-1048576": {
        "latency": 2.0078615680751173,
        "throughput": 55672.86384976526,
        "total_time": 2.2168199061032863,
        "jitter": 0.17967643435391342
    },
    "DPKist-LAPLACE-0-0.25dum-2Clients-1048576": {
        "latency": 1.419281779964222,
        "throughput": 70006.00178890876,
        "total_time": 1.629828983899821,
        "jitter": 0.1454986134438638
    },
    "DPKist-LAPLACE-0-2dum-5Clients-1048576": {
        "latency": 4.9189532751842755,
        "throughput": 30460.71253071253,
        "total_time": 5.133791034398035,
        "jitter": 0.13145227268833434
    },
    "DPKist-LAPLACE-0-1dum-10Clients-1048576": {
        "latency": 3.3811840280308343,
        "throughput": 36740.50455501051,
        "total_time": 3.5962848724597056,
        "jitter": 0.06839292864479396
    },
    "DPKist-LAPLACE-0-1dum-5Clients-1048576": {
        "latency": 5.674110942857143,
        "throughput": 29958.602597402598,
        "total_time": 5.893832127272728,
        "jitter": 0.14515752172916674
    },
    "DPKist-LAPLACE-0-0dum-2Clients-1048576": {
        "latency": 1.4012064131205673,
        "throughput": 70729.78723404255,
        "total_time": 1.6101687624113474,
        "jitter": 0.15704844012157598
    },
    "DPKist-LAPLACE-0-0.75dum-1Clients-1048576": {
        "latency": 1.2211343483870967,
        "throughput": 77733.64838709678,
        "total_time": 1.4307292903225808,
        "jitter": 0.2280748563086578
    },
    "DPKist-LAPLACE-0-0.25dum-5Clients-1048576": {
        "latency": 4.814175126849895,
        "throughput": 34735.87526427061,
        "total_time": 5.025907591966173,
        "jitter": 0.14255989402283123
    },
    "DPKist-LAPLACE-0-0.75dum-10Clients-1048576": {
        "latency": 2.9886724138166896,
        "throughput": 39739.34610123119,
        "total_time": 3.201728106019152,
        "jitter": 0.06101203751616906
    },
    "DPKist-LAPLACE-0-0.75dum-2Clients-1048576": {
        "latency": 1.9117706556291392,
        "throughput": 58568.24282560706,
        "total_time": 2.1233253951434876,
        "jitter": 0.17779522202464013
    },
    "DPKist-LAPLACE-0-0dum-10Clients-1048576": {
        "latency": 4.981575707596255,
        "throughput": 30974.0395421436,
        "total_time": 5.1970835182101975,
        "jitter": 0.09211121194569527
    },
    "DPKist-LAPLACE-0-0dum-1Clients-1048576": {
        "latency": 1.187030501577287,
        "throughput": 79680.76656151419,
        "total_time": 1.3947686056782334,
        "jitter": 0.22699768602033168
    },
    "DPKist-LAPLACE-0-0.75dum-5Clients-1048576": {
        "latency": 4.6952024375,
        "throughput": 33915.1754032258,
        "total_time": 4.904834415322581,
        "jitter": 0.13788739572201936
    },
    "DPKist-LAPLACE-0-0dum-20Clients-1048576": {
        "latency": 2.2865872233580373,
        "throughput": 48595.0260669563,
        "total_time": 2.519260510605673,
        "jitter": 0.028510178021889335
    },
    "DPKist-LAPLACE-0-2dum-1Clients-1048576": {
        "latency": 1.2989623691275167,
        "throughput": 75345.75838926174,
        "total_time": 1.5076978523489935,
        "jitter": 0.23429558158265665
    },
    "DPKist-LAPLACE-0-0.25dum-20Clients-1048576": {
        "latency": 2.4461297045640893,
        "throughput": 43049.02131729981,
        "total_time": 2.7472693670401744,
        "jitter": 0.03045521880332794
    },
    "DPKist-LAPLACE-0-0.5dum-10Clients-1048576": {
        "latency": 3.469888645415473,
        "throughput": 40064.393982808026,
        "total_time": 3.689280210601719,
        "jitter": 0.06915169841677266
    },
    "DPKist-LAPLACE-0-0.25dum-10Clients-1048576": {
        "latency": 4.105530658666667,
        "throughput": 37477.83022222222,
        "total_time": 4.321785578666667,
        "jitter": 0.07649725144500104
    },
    "DPKist-LAPLACE-0-1dum-1Clients-1048576": {
        "latency": 1.181860582278481,
        "throughput": 79345.83860759494,
        "total_time": 1.3946890822784812,
        "jitter": 0.22125712811586526
    },
    "DPKist-LAPLACE-0-0.5dum-5Clients-1048576": {
        "latency": 5.377422710300429,
        "throughput": 31651.255364806868,
        "total_time": 5.588674656652361,
        "jitter": 0.15581784606831578
    },
    "DPKist-LAPLACE-0-0.5dum-2Clients-1048576": {
        "latency": 1.4956108981481482,
        "throughput": 69440.37037037036,
        "total_time": 1.7062071870370372,
        "jitter": 0.1549714333864547
    },
    "DPKist-LAPLACE-0-0.5dum-20Clients-1048576": {
        "latency": 2.55354890337206,
        "throughput": 42171.37942759989,
        "total_time": 2.848723209691131,
        "jitter": 0.03168377850293223
    },
    "DPKist-LAPLACE-0-2dum-10Clients-1048576": {
        "latency": 2.3255203877445934,
        "throughput": 48810.6333676622,
        "total_time": 2.5373966168898043,
        "jitter": 0.05578723311757113
    },
    "DPKist-LAPLACE-0-0.5dum-1Clients-1048576": {
        "latency": 1.1553276978193145,
        "throughput": 80376.02180685358,
        "total_time": 1.3648000903426791,
        "jitter": 0.21606758640724832
    },
    "DPKist-LAPLACE-0-0.25dum-1Clients-1048576": {
        "latency": 1.1822999396825398,
        "throughput": 79033.20634920635,
        "total_time": 1.3922832888888887,
        "jitter": 0.21787447213781067
    },
    "DPKist-LAPLACE-0-0.75dum-20Clients-1048576": {
        "latency": 2.3586196598075895,
        "throughput": 44110.84607161945,
        "total_time": 2.666184820951363,
        "jitter": 0.03125149423331978
    },
    "DPKist-LAPLACE-0-0dum-5Clients-1048576": {
        "latency": 4.577047992895205,
        "throughput": 32701.28952042629,
        "total_time": 4.792078255772647,
        "jitter": 0.1557671416930131
    },
    "DPKist-LAPLACE-0-2dum-2Clients-1048576": {
        "latency": 2.3087876045918367,
        "throughput": 49427.489795918365,
        "total_time": 2.5216140892857144,
        "jitter": 0.19125771330824085
    }
}