{
    "kist-control": {
        "latency": 1.140865,
        "throughput": 227812.9655172414,
        "total_time": 118.29521667241379,
        "jitter": 0.004308395469620847
    },
    "dpkist-clean": {
        "latency": 1.5109887558139539,
        "throughput": 190386.38953488372,
        "total_time": 116.39879460465116,
        "jitter": 0.00409290477067789
    },
    "vanilla-control": {
        "latency": 1.637209580952381,
        "throughput": 169482.26666666666,
        "total_time": 121.11428092857143,
        "jitter": 0.0025779536751550387
    },
    "dpkist-low": {
        "latency": 1.2079119821428572,
        "throughput": 223831.91666666666,
        "total_time": 97.94946947619047,
        "jitter": 0.003451366818153322
    },
    "dpvanilla-clean": {
        "latency": 1.5698656748466258,
        "throughput": 178010.77914110429,
        "total_time": 101.38288702453987,
        "jitter": 0.0034651947769318396
    },
    "dpvanilla-low": {
        "latency": 1.1075541734104044,
        "throughput": 229688.42196531792,
        "total_time": 116.68771945086706,
        "jitter": 0.0042081494338864125
    }
}