{
    "latency": {
        "kist-control": 1.140865,
        "dpkist-clean": 1.5109887558139539,
        "vanilla-control": 1.637209580952381,
        "dpkist-low": 1.2079119821428572,
        "dpvanilla-clean": 1.5698656748466258,
        "dpvanilla-low": 1.1075541734104044
    },
    "throughput": {
        "kist-control": 227812.9655172414,
        "dpkist-clean": 190386.38953488372,
        "vanilla-control": 169482.26666666666,
        "dpkist-low": 223831.91666666666,
        "dpvanilla-clean": 178010.77914110429,
        "dpvanilla-low": 229688.42196531792
    },
    "total_time": {
        "kist-control": 118.29521667241379,
        "dpkist-clean": 116.39879460465116,
        "vanilla-control": 121.11428092857143,
        "dpkist-low": 97.94946947619047,
        "dpvanilla-clean": 101.38288702453987,
        "dpvanilla-low": 116.68771945086706
    },
    "jitter": {
        "kist-control": 0.004308395469620847,
        "dpkist-clean": 0.00409290477067789,
        "vanilla-control": 0.0025779536751550387,
        "dpkist-low": 0.003451366818153322,
        "dpvanilla-clean": 0.0034651947769318396,
        "dpvanilla-low": 0.0042081494338864125
    }
}